"Form name","Role name","Field name","View permission","Edit permission"
Employee,"Team member",EmployeeID,"My data","No data"
Employee,"Team member","First Name","My data","No data"
Employee,"Team member","Last Name","My data","No data"
Employee,"Team member","Email ID","My data","No data"
Employee,"Team member","Nick Name","My data","My data"
Employee,"Team member",Department,"My data","No data"
Employee,"Team member",Location,"All data","No data"
Employee,"Team member",Title,"My data","No data"
Employee,"Team member",Role,"My data","No data"
Employee,"Team member","Reporting To","All data","No data"
Employee,"Team member",Photo,"All data","No data"
Employee,"Team member","Date of joining","All data","No data"
Employee,"Team member","Seating Location","All data","My data"
Employee,"Team member","Work phone","My data","My data"
Employee,"Team member",Extension,"All data","My data"
Employee,"Team member","Other Email","My data","My data"
Employee,"Team member","Birth Date","My data","No data"
Employee,"Team member","Mobile Phone","All data","My data"
Employee,"Team member",Interests,"My data","My data"
Employee,"Team member","Previous Company Name","My data","No data"
Employee,"Team member","Job Title","My data","My data"
Employee,"Team member","From Date","My data","No data"
Employee,"Team member","Job Description","My data","My data"
Employee,"Team member","To Date","My data","No data"
Employee,"Team member","Permanent Address","All data","No data"
Employee,"Team member","School Name","My data","No data"
Employee,"Team member",Degree/Diploma,"All data","My data"
Employee,"Team member","Field(s) of Study","My data","My data"
Employee,"Team member","Additional Notes","My data","My data"
Employee,"Team member","Date of Completion","All data","My data"
Employee,"Team member",Tags,"All data","My data"
Employee,"Team member",Name,"My data","My data"
Employee,"Team member",Relationship,"My data","My data"
Employee,"Team member","Date of birth","My data","My data"
Employee,"Team member","Job Description","All data","My data"
Employee,"Team member","Ask me about/Expertise","My data","My data"
Employee,"Team member",AboutMe,"My data","My data"
Employee,"Team member","Blood group","My data","No data"
Employee,"Team member","Bank A/c number","My data","No data"
Employee,"Team member","Employee type","My data","No data"
Employee,"Team member","Employee status","My data","No data"
Employee,"Team member","Source of hire","All data","No data"
Employee,"Team member","Marital status","My data","My data"
Employee,"Team member","Added By","All data","No data"
Employee,"Team member","Added time","All data","No data"
Employee,"Team member","Modified By","My data","No data"
Employee,"Team member","Modified time","All data","No data"
Employee,"Team member","Secondary Reporting to","All data","No data"
Employee,"Team member","PAN card number","My data","No data"
Employee,"Team member","Aadhaar card number","My data","My data"
Employee,"Team member","Fathers Name","My data","No data"
Employee,"Team member","Mothers Name","My data","No data"
Employee,"Team member",Address,"My data","My data"
Employee,"Team member","Job Location","My data","My data"
Employee,"Team member",Location,"My data","My data"
Employee,"Team member","Date of Joining","My data","No data"
Employee,"Team member","Total Marks / CGPA","My data","No data"
Employee,"Team member","Marks Obtained / CGPA","My data","My data"
Employee,"Team member","% of Marks Obtained","My data","No data"
Employee,"Team member","Final Marksheet Available","My data","My data"
Employee,"Team member","Degree Certificate Available","My data","My data"
Employee,"Team member","Degree / Course","My data","No data"
Employee,"Team member","Date of Completion","My data","No data"
Employee,"Team member",Gender,"My data","My data"
Employee,"Team member",Dependent,"My data","My data"
Employee,"Team member","Include in Mediclaim","My data","My data"
Employee,"Team member","Contact No","My data","My data"
Employee,"Team member","Ref. Contact Email","My data","My data"
Employee,"Team member","Current Address","My data","My data"
Employee,"Team member","Emergency Contact Name","My data","My data"
Employee,"Team member","EC Gender","My data","My data"
Employee,"Team member","Relationship with EC","My data","My data"
Employee,"Team member","Mobile No of EC","My data","My data"
Employee,"Team member","Email ID of EC","My data","My data"
Employee,"Team member","Address of EC","My data","My data"
Employee,"Team member","Bank Name","My data","No data"
Employee,"Team member","Bank Branch Name","My data","No data"
Employee,"Team member","IFS Code","My data","No data"
Employee,"Team member","Name in Bank Account","My data","No data"
Employee,"Team member","Course / Certification","My data","No data"
Employee,"Team member",Company,"All data","No data"
Employee,"Team member","Business Unit","All data","No data"
Employee,"Team member",Division,"All data","No data"
Employee,Manager,EmployeeID,"Reportees + My Data","No data"
Employee,Manager,"First Name","Reportees + My Data","No data"
Employee,Manager,"Last Name","Reportees + My Data","No data"
Employee,Manager,"Email ID","Reportees + My Data","No data"
Employee,Manager,"Nick Name","Reportees + My Data","My data"
Employee,Manager,Department,"Reportees + My Data","No data"
Employee,Manager,Location,"All data","No data"
Employee,Manager,Title,"My data","No data"
Employee,Manager,Role,"My data","No data"
Employee,Manager,"Reporting To","All data","No data"
Employee,Manager,Photo,"All data","No data"
Employee,Manager,"Date of joining","All data","No data"
Employee,Manager,"Seating Location","All data","My data"
Employee,Manager,"Work phone","Reportees + My Data","My data"
Employee,Manager,Extension,"All data","My data"
Employee,Manager,"Other Email","My data","My data"
Employee,Manager,"Birth Date","My data","No data"
Employee,Manager,"Mobile Phone","All data","My data"
Employee,Manager,Interests,"Reportees + My Data","My data"
Employee,Manager,"Previous Company Name","Reportees + My Data","No data"
Employee,Manager,"Job Title","Reportees + My Data","My data"
Employee,Manager,"From Date","Reportees + My Data","No data"
Employee,Manager,"Job Description","Reportees + My Data","My data"
Employee,Manager,"To Date","Reportees + My Data","No data"
Employee,Manager,"Permanent Address","All data","No data"
Employee,Manager,"School Name","Reportees + My Data","No data"
Employee,Manager,Degree/Diploma,"All data","My data"
Employee,Manager,"Field(s) of Study","Reportees + My Data","My data"
Employee,Manager,"Additional Notes","Reportees + My Data","My data"
Employee,Manager,"Date of Completion","All data","My data"
Employee,Manager,Tags,"All data","My data"
Employee,Manager,Name,"My data","My data"
Employee,Manager,Relationship,"My data","My data"
Employee,Manager,"Date of birth","My data","My data"
Employee,Manager,"Job Description","All data","My data"
Employee,Manager,"Ask me about/Expertise","Reportees + My Data","My data"
Employee,Manager,AboutMe,"Reportees + My Data","My data"
Employee,Manager,Gender,"Reportees + My Data","No data"
Employee,Manager,"Blood group","Reportees + My Data","No data"
Employee,Manager,"Bank A/c number","My data","No data"
Employee,Manager,"Employee type","My data","No data"
Employee,Manager,"Employee status","My data","No data"
Employee,Manager,"Source of hire","All data","No data"
Employee,Manager,"Marital status","My data","My data"
Employee,Manager,"Added By","All data","No data"
Employee,Manager,"Added time","All data","No data"
Employee,Manager,"Modified By","Reportees + My Data","No data"
Employee,Manager,"Modified time","All data","No data"
Employee,Manager,"Secondary Reporting to","All data","No data"
Employee,Manager,"PAN card number","My data","No data"
Employee,Manager,"Aadhaar card number","My data","My data"
Employee,Manager,"Fathers Name","Reportees + My Data","No data"
Employee,Manager,"Mothers Name","Reportees + My Data","No data"
Employee,Manager,Address,"Reportees + My Data","My data"
Employee,Manager,"Job Location","Reportees + My Data","My data"
Employee,Manager,Location,"Reportees + My Data","My data"
Employee,Manager,"Date of Joining","Reportees + My Data","No data"
Employee,Manager,"Total Marks / CGPA","Reportees + My Data","No data"
Employee,Manager,"Marks Obtained / CGPA","Reportees + My Data","My data"
Employee,Manager,"% of Marks Obtained","Reportees + My Data","No data"
Employee,Manager,"Final Marksheet Available","Reportees + My Data","My data"
Employee,Manager,"Degree Certificate Available","Reportees + My Data","My data"
Employee,Manager,"Degree / Course","Reportees + My Data","No data"
Employee,Manager,"Date of Completion","Reportees + My Data","No data"
Employee,Manager,Gender,"My data","My data"
Employee,Manager,Dependent,"My data","My data"
Employee,Manager,"Include in Mediclaim","My data","My data"
Employee,Manager,"Contact No","My data","My data"
Employee,Manager,"Ref. Contact Email","My data","My data"
Employee,Manager,"Current Address","Reportees + My Data","My data"
Employee,Manager,"Emergency Contact Name","Reportees + My Data","My data"
Employee,Manager,"EC Gender","Reportees + My Data","My data"
Employee,Manager,"Mobile No of EC","Reportees + My Data","My data"
Employee,Manager,"Email ID of EC","Reportees + My Data","My data"
Employee,Manager,"Address of EC","Reportees + My Data","My data"
Employee,Manager,"Bank Name","My data","No data"
Employee,Manager,"Bank Branch Name","My data","No data"
Employee,Manager,"IFS Code","My data","No data"
Employee,Manager,"Name in Bank Account","My data","No data"
Employee,Manager,"Course / Certification","Reportees + My Data","No data"
Employee,Manager,Company,"All data","No data"
Employee,Manager,"Business Unit","All data","No data"
Employee,Manager,Division,"All data","No data"
Employee,Director,EmployeeID,"All data","No data"
Employee,Director,"First Name","All data","No data"
Employee,Director,"Last Name","All data","No data"
Employee,Director,"Email ID","All data","No data"
Employee,Director,"Nick Name","All data","My data"
Employee,Director,Department,"All data","No data"
Employee,Director,Location,"All data","No data"
Employee,Director,Title,"All data","No data"
Employee,Director,Role,"All data","No data"
Employee,Director,"Reporting To","All data","No data"
Employee,Director,Photo,"All data","No data"
Employee,Director,"Date of joining","All data","No data"
Employee,Director,"Seating Location","All data","My data"
Employee,Director,"Work phone","All data","My data"
Employee,Director,Extension,"All data","My data"
Employee,Director,"Other Email","All data","My data"
Employee,Director,"Birth Date","All data","No data"
Employee,Director,"Mobile Phone","All data","My data"
Employee,Director,Interests,"All data","My data"
Employee,Director,"Previous Company Name","All data","No data"
Employee,Director,"Job Title","All data","My data"
Employee,Director,"From Date","All data","No data"
Employee,Director,"Job Description","All data","My data"
Employee,Director,"To Date","All data","No data"
Employee,Director,"Permanent Address","All data","No data"
Employee,Director,"School Name","All data","No data"
Employee,Director,Degree/Diploma,"All data","My data"
Employee,Director,"Field(s) of Study","All data","My data"
Employee,Director,"Additional Notes","All data","My data"
Employee,Director,"Date of Completion","All data","My data"
Employee,Director,Tags,"All data","My data"
Employee,Director,Name,"All data","My data"
Employee,Director,Relationship,"All data","My data"
Employee,Director,"Date of birth","All data","My data"
Employee,Director,"Job Description","All data","My data"
Employee,Director,"Ask me about/Expertise","All data","My data"
Employee,Director,AboutMe,"All data","My data"
Employee,Director,Gender,"All data","No data"
Employee,Director,"Blood group","All data","No data"
Employee,Director,"Bank A/c number","All data","No data"
Employee,Director,"Employee type","All data","No data"
Employee,Director,"Employee status","All data","No data"
Employee,Director,"Source of hire","All data","No data"
Employee,Director,"Marital status","All data","My data"
Employee,Director,"Added By","All data","No data"
Employee,Director,"Added time","All data","No data"
Employee,Director,"Modified By","All data","No data"
Employee,Director,"Modified time","All data","No data"
Employee,Director,"Secondary Reporting to","All data","No data"
Employee,Director,"PAN card number","All data","My data"
Employee,Director,"Aadhaar card number","My data","My data"
Employee,Director,"Fathers Name","All data","No data"
Employee,Director,"Mothers Name","All data","No data"
Employee,Director,Address,"All data","My data"
Employee,Director,"Job Location","All data","My data"
Employee,Director,Location,"All data","My data"
Employee,Director,"Date of Joining","All data","No data"
Employee,Director,"Total Marks / CGPA","All data","No data"
Employee,Director,"Marks Obtained / CGPA","All data","My data"
Employee,Director,"% of Marks Obtained","All data","No data"
Employee,Director,"Final Marksheet Available","All data","My data"
Employee,Director,"Degree Certificate Available","All data","My data"
Employee,Director,"Degree / Course","All data","No data"
Employee,Director,"Date of Completion","All data","No data"
Employee,Director,Gender,"All data","My data"
Employee,Director,Dependent,"All data","My data"
Employee,Director,"Include in Mediclaim","All data","My data"
Employee,Director,"Contact No","All data","My data"
Employee,Director,Provider,"All data","No data"
Employee,Director,"Date of Joining","All data","My data"
Employee,Director,"Date of Completion","All data","My data"
Employee,Director,"Certificate Available","All data","My data"
Employee,Director,"Entity Name","All data","My data"
Employee,Director,"Reference Name","All data","My data"
Employee,Director,Relationship,"All data","No data"
Employee,Director,"Ref. Contact No","All data","No data"
Employee,Director,"Ref. Contact Email","All data","My data"
Employee,Director,"Current Address","All data","My data"
Employee,Director,"Emergency Contact Name","All data","My data"
Employee,Director,"EC Gender","All data","My data"
Employee,Director,"Relationship with EC","All data","My data"
Employee,Director,"Mobile No of EC","All data","My data"
Employee,Director,"Email ID of EC","All data","My data"
Employee,Director,"Address of EC","All data","My data"
Employee,Director,"Bank Name","All data","No data"
Employee,Director,"Bank Branch Name","All data","No data"
Employee,Director,"IFS Code","All data","No data"
Employee,Director,"Name in Bank Account","All data","No data"
Employee,Director,"Course / Certification","All data","No data"
Employee,Director,Company,"All data","No data"
Employee,Director,"Business Unit","All data","No data"
Employee,Director,Division,"All data","No data"
Employee,"Team Incharge",EmployeeID,"Reportees + My Data","No data"
Employee,"Team Incharge","First Name","Reportees + My Data","No data"
Employee,"Team Incharge","Last Name","Reportees + My Data","No data"
Employee,"Team Incharge","Email ID","Reportees + My Data","No data"
Employee,"Team Incharge","Nick Name","Reportees + My Data","My data"
Employee,"Team Incharge",Department,"Reportees + My Data","No data"
Employee,"Team Incharge",Location,"All data","No data"
Employee,"Team Incharge",Title,"My data","No data"
Employee,"Team Incharge",Role,"My data","No data"
Employee,"Team Incharge","Reporting To","All data","No data"
Employee,"Team Incharge",Photo,"All data","No data"
Employee,"Team Incharge","Date of joining","All data","No data"
Employee,"Team Incharge","Seating Location","All data","My data"
Employee,"Team Incharge","Work phone","Reportees + My Data","My data"
Employee,"Team Incharge",Extension,"All data","My data"
Employee,"Team Incharge","Other Email","My data","My data"
Employee,"Team Incharge","Birth Date","My data","No data"
Employee,"Team Incharge","Mobile Phone","All data","My data"
Employee,"Team Incharge",Interests,"Reportees + My Data","My data"
Employee,"Team Incharge","Previous Company Name","Reportees + My Data","No data"
Employee,"Team Incharge","Job Title","Reportees + My Data","My data"
Employee,"Team Incharge","From Date","Reportees + My Data","No data"
Employee,"Team Incharge","Job Description","Reportees + My Data","My data"
Employee,"Team Incharge","To Date","Reportees + My Data","No data"
Employee,"Team Incharge","Permanent Address","All data","No data"
Employee,"Team Incharge","School Name","Reportees + My Data","No data"
Employee,"Team Incharge",Degree/Diploma,"All data","My data"
Employee,"Team Incharge","Field(s) of Study","Reportees + My Data","My data"
Employee,"Team Incharge","Additional Notes","Reportees + My Data","My data"
Employee,"Team Incharge","Date of Completion","All data","My data"
Employee,"Team Incharge",Tags,"All data","My data"
Employee,"Team Incharge",Name,"My data","My data"
Employee,"Team Incharge",Relationship,"My data","My data"
Employee,"Team Incharge","Date of birth","My data","My data"
Employee,"Team Incharge","Job Description","All data","My data"
Employee,"Team Incharge","Ask me about/Expertise","Reportees + My Data","My data"
Employee,"Team Incharge",AboutMe,"Reportees + My Data","My data"
Employee,"Team Incharge",Gender,"Reportees + My Data","No data"
Employee,"Team Incharge","Blood group","Reportees + My Data","No data"
Employee,"Team Incharge","Bank A/c number","My data","No data"
Employee,"Team Incharge","Employee type","My data","No data"
Employee,"Team Incharge","Employee status","My data","No data"
Employee,"Team Incharge","Source of hire","All data","No data"
Employee,"Team Incharge","Marital status","My data","My data"
Employee,"Team Incharge","Added By","All data","No data"
Employee,"Team Incharge","Added time","All data","No data"
Employee,"Team Incharge","Modified By","Reportees + My Data","No data"
Employee,"Team Incharge","Modified time","All data","No data"
Employee,"Team Incharge","Secondary Reporting to","All data","No data"
Employee,"Team Incharge","PAN card number","My data","No data"
Employee,"Team Incharge","Aadhaar card number","My data","My data"
Employee,"Team Incharge","Fathers Name","Reportees + My Data","No data"
Employee,"Team Incharge","Mothers Name","Reportees + My Data","No data"
Employee,"Team Incharge",Address,"Reportees + My Data","My data"
Employee,"Team Incharge","Job Location","Reportees + My Data","My data"
Employee,"Team Incharge",Location,"Reportees + My Data","My data"
Employee,"Team Incharge","Date of Joining","Reportees + My Data","No data"
Employee,"Team Incharge","Total Marks / CGPA","Reportees + My Data","No data"
Employee,"Team Incharge","Marks Obtained / CGPA","Reportees + My Data","My data"
Employee,"Team Incharge","% of Marks Obtained","Reportees + My Data","No data"
Employee,"Team Incharge","Final Marksheet Available","Reportees + My Data","My data"
Employee,"Team Incharge","Degree Certificate Available","Reportees + My Data","My data"
Employee,"Team Incharge","Degree / Course","Reportees + My Data","No data"
Employee,"Team Incharge","Date of Completion","Reportees + My Data","No data"
Employee,"Team Incharge",Gender,"My data","My data"
Employee,"Team Incharge",Dependent,"My data","My data"
Employee,"Team Incharge","Include in Mediclaim","My data","My data"
Employee,"Team Incharge","Contact No","My data","My data"
Employee,"Team Incharge","Ref. Contact Email","My data","My data"
Employee,"Team Incharge","Current Address","Reportees + My Data","My data"
Employee,"Team Incharge","Emergency Contact Name","Reportees + My Data","My data"
Employee,"Team Incharge","EC Gender","Reportees + My Data","My data"
Employee,"Team Incharge","Mobile No of EC","Reportees + My Data","My data"
Employee,"Team Incharge","Email ID of EC","Reportees + My Data","My data"
Employee,"Team Incharge","Address of EC","Reportees + My Data","My data"
Employee,"Team Incharge","Bank Name","My data","No data"
Employee,"Team Incharge","Bank Branch Name","My data","No data"
Employee,"Team Incharge","IFS Code","My data","No data"
Employee,"Team Incharge","Name in Bank Account","My data","No data"
Employee,"Team Incharge","Course / Certification","Reportees + My Data","No data"
Employee,"Team Incharge",Company,"All data","No data"
Employee,"Team Incharge","Business Unit","All data","No data"
Employee,"Team Incharge",Division,"All data","No data"
Employee,HR,EmployeeID,"All data","No data"
Employee,HR,"First Name","All data","No data"
Employee,HR,"Last Name","All data","No data"
Employee,HR,"Email ID","All data","No data"
Employee,HR,"Nick Name","All data","My data"
Employee,HR,Department,"All data","No data"
Employee,HR,Location,"All data","No data"
Employee,HR,Title,"All data","No data"
Employee,HR,Role,"All data","No data"
Employee,HR,"Reporting To","All data","No data"
Employee,HR,Photo,"All data","No data"
Employee,HR,"Date of joining","All data","No data"
Employee,HR,"Seating Location","All data","My data"
Employee,HR,"Work phone","All data","My data"
Employee,HR,Extension,"All data","My data"
Employee,HR,"Other Email","All data","My data"
Employee,HR,"Birth Date","All data","No data"
Employee,HR,"Mobile Phone","All data","My data"
Employee,HR,Interests,"All data","My data"
Employee,HR,"Previous Company Name","All data","No data"
Employee,HR,"Job Title","All data","My data"
Employee,HR,"From Date","All data","No data"
Employee,HR,"Job Description","All data","My data"
Employee,HR,"To Date","All data","No data"
Employee,HR,"Permanent Address","All data","No data"
Employee,HR,"School Name","All data","No data"
Employee,HR,Degree/Diploma,"All data","My data"
Employee,HR,"Field(s) of Study","All data","My data"
Employee,HR,"Additional Notes","All data","My data"
Employee,HR,"Date of Completion","All data","My data"
Employee,HR,Tags,"All data","My data"
Employee,HR,Name,"All data","My data"
Employee,HR,Relationship,"All data","My data"
Employee,HR,"Date of birth","All data","My data"
Employee,HR,"Job Description","All data","My data"
Employee,HR,"Ask me about/Expertise","All data","My data"
Employee,HR,AboutMe,"All data","My data"
Employee,HR,Gender,"All data","No data"
Employee,HR,"Blood group","All data","No data"
Employee,HR,"Bank A/c number","All data","No data"
Employee,HR,"Employee type","All data","No data"
Employee,HR,"Employee status","All data","No data"
Employee,HR,"Source of hire","All data","No data"
Employee,HR,"Marital status","All data","My data"
Employee,HR,"Added By","All data","No data"
Employee,HR,"Added time","All data","No data"
Employee,HR,"Modified By","All data","No data"
Employee,HR,"Modified time","All data","No data"
Employee,HR,"Secondary Reporting to","All data","No data"
Employee,HR,"PAN card number","All data","My data"
Employee,HR,"Aadhaar card number","My data","My data"
Employee,HR,"Fathers Name","All data","No data"
Employee,HR,"Mothers Name","All data","No data"
Employee,HR,Address,"All data","My data"
Employee,HR,"Job Location","All data","My data"
Employee,HR,Location,"All data","My data"
Employee,HR,"Date of Joining","All data","No data"
Employee,HR,"Total Marks / CGPA","All data","No data"
Employee,HR,"Marks Obtained / CGPA","All data","My data"
Employee,HR,"% of Marks Obtained","All data","No data"
Employee,HR,"Final Marksheet Available","All data","My data"
Employee,HR,"Degree Certificate Available","All data","My data"
Employee,HR,"Degree / Course","All data","No data"
Employee,HR,"Date of Completion","All data","No data"
Employee,HR,Gender,"All data","My data"
Employee,HR,Dependent,"All data","My data"
Employee,HR,"Include in Mediclaim","All data","My data"
Employee,HR,"Contact No","All data","My data"
Employee,HR,Provider,"All data","No data"
Employee,HR,"Date of Joining","All data","My data"
Employee,HR,"Date of Completion","All data","My data"
Employee,HR,"Certificate Available","All data","My data"
Employee,HR,"Entity Name","All data","My data"
Employee,HR,"Reference Name","All data","My data"
Employee,HR,Relationship,"All data","No data"
Employee,HR,"Ref. Contact No","All data","No data"
Employee,HR,"Ref. Contact Email","All data","My data"
Employee,HR,"Current Address","All data","My data"
Employee,HR,"Emergency Contact Name","All data","My data"
Employee,HR,"EC Gender","All data","My data"
Employee,HR,"Relationship with EC","All data","My data"
Employee,HR,"Mobile No of EC","All data","My data"
Employee,HR,"Email ID of EC","All data","My data"
Employee,HR,"Address of EC","All data","My data"
Employee,HR,"Bank Name","All data","No data"
Employee,HR,"Bank Branch Name","All data","No data"
Employee,HR,"IFS Code","All data","No data"
Employee,HR,"Name in Bank Account","All data","No data"
Employee,HR,"Course / Certification","All data","No data"
Employee,HR,Company,"All data","No data"
Employee,HR,"Business Unit","All data","No data"
Employee,HR,Division,"All data","No data"
Employee,"External Consultant",EmployeeID,"Reportees + My Data","No data"
Employee,"External Consultant","First Name","Reportees + My Data","No data"
Employee,"External Consultant","Last Name","Reportees + My Data","No data"
Employee,"External Consultant","Email ID","Reportees + My Data","No data"
Employee,"External Consultant","Nick Name","Reportees + My Data","My data"
Employee,"External Consultant",Department,"Reportees + My Data","No data"
Employee,"External Consultant",Location,"All data","No data"
Employee,"External Consultant",Title,"My data","No data"
Employee,"External Consultant",Role,"My data","No data"
Employee,"External Consultant","Reporting To","All data","No data"
Employee,"External Consultant",Photo,"All data","No data"
Employee,"External Consultant","Date of joining","All data","No data"
Employee,"External Consultant","Seating Location","All data","My data"
Employee,"External Consultant","Work phone","Reportees + My Data","My data"
Employee,"External Consultant",Extension,"All data","My data"
Employee,"External Consultant","Other Email","My data","My data"
Employee,"External Consultant","Birth Date","My data","No data"
Employee,"External Consultant","Mobile Phone","All data","My data"
Employee,"External Consultant",Interests,"Reportees + My Data","My data"
Employee,"External Consultant","Previous Company Name","Reportees + My Data","No data"
Employee,"External Consultant","Job Title","Reportees + My Data","My data"
Employee,"External Consultant","From Date","Reportees + My Data","No data"
Employee,"External Consultant","Job Description","Reportees + My Data","My data"
Employee,"External Consultant","To Date","Reportees + My Data","No data"
Employee,"External Consultant","Permanent Address","All data","No data"
Employee,"External Consultant","School Name","Reportees + My Data","No data"
Employee,"External Consultant",Degree/Diploma,"All data","My data"
Employee,"External Consultant","Field(s) of Study","Reportees + My Data","My data"
Employee,"External Consultant","Additional Notes","Reportees + My Data","My data"
Employee,"External Consultant","Date of Completion","All data","My data"
Employee,"External Consultant",Tags,"All data","My data"
Employee,"External Consultant",Name,"My data","My data"
Employee,"External Consultant",Relationship,"My data","My data"
Employee,"External Consultant","Date of birth","My data","My data"
Employee,"External Consultant","Job Description","All data","My data"
Employee,"External Consultant","Ask me about/Expertise","Reportees + My Data","My data"
Employee,"External Consultant",AboutMe,"Reportees + My Data","My data"
Employee,"External Consultant",Gender,"Reportees + My Data","No data"
Employee,"External Consultant","Blood group","Reportees + My Data","No data"
Employee,"External Consultant","Bank A/c number","My data","No data"
Employee,"External Consultant","Employee type","My data","No data"
Employee,"External Consultant","Employee status","My data","No data"
Employee,"External Consultant","Source of hire","All data","No data"
Employee,"External Consultant","Marital status","My data","My data"
Employee,"External Consultant","Added By","All data","No data"
Employee,"External Consultant","Added time","All data","No data"
Employee,"External Consultant","Modified By","Reportees + My Data","No data"
Employee,"External Consultant","Modified time","All data","No data"
Employee,"External Consultant","Secondary Reporting to","All data","No data"
Employee,"External Consultant","PAN card number","My data","No data"
Employee,"External Consultant","Aadhaar card number","My data","My data"
Employee,"External Consultant","Fathers Name","Reportees + My Data","No data"
Employee,"External Consultant","Mothers Name","Reportees + My Data","No data"
Employee,"External Consultant",Address,"Reportees + My Data","My data"
Employee,"External Consultant","Job Location","Reportees + My Data","My data"
Employee,"External Consultant",Location,"Reportees + My Data","My data"
Employee,"External Consultant","Date of Joining","Reportees + My Data","No data"
Employee,"External Consultant","Total Marks / CGPA","Reportees + My Data","No data"
Employee,"External Consultant","Marks Obtained / CGPA","Reportees + My Data","My data"
Employee,"External Consultant","% of Marks Obtained","Reportees + My Data","No data"
Employee,"External Consultant","Final Marksheet Available","Reportees + My Data","My data"
Employee,"External Consultant","Degree Certificate Available","Reportees + My Data","My data"
Employee,"External Consultant","Degree / Course","Reportees + My Data","No data"
Employee,"External Consultant","Date of Completion","Reportees + My Data","No data"
Employee,"External Consultant",Gender,"My data","My data"
Employee,"External Consultant",Dependent,"My data","My data"
Employee,"External Consultant","Include in Mediclaim","My data","My data"
Employee,"External Consultant","Contact No","My data","My data"
Employee,"External Consultant","Ref. Contact Email","My data","My data"
Employee,"External Consultant","Current Address","Reportees + My Data","My data"
Employee,"External Consultant","Emergency Contact Name","Reportees + My Data","My data"
Employee,"External Consultant","EC Gender","Reportees + My Data","My data"
Employee,"External Consultant","Mobile No of EC","Reportees + My Data","My data"
Employee,"External Consultant","Email ID of EC","Reportees + My Data","My data"
Employee,"External Consultant","Address of EC","Reportees + My Data","My data"
Employee,"External Consultant","Bank Name","My data","No data"
Employee,"External Consultant","Bank Branch Name","My data","No data"
Employee,"External Consultant","IFS Code","My data","No data"
Employee,"External Consultant","Name in Bank Account","My data","No data"
Employee,"External Consultant","Course / Certification","Reportees + My Data","No data"
Employee,"External Consultant",Company,"All data","No data"
Employee,"External Consultant","Business Unit","All data","No data"
Employee,"External Consultant",Division,"All data","No data"
Department,"Team member","Department Name","All data","No data"
Department,"Team member","Mail Alias","All data","No data"
Department,"Team member","Department Lead","All data","No data"
Department,"Team member","Parent Department","All data","No data"
Department,"Team member","Added By","All data","No data"
Department,"Team member","Added time","All data","No data"
Department,"Team member","Modified By","All data","No data"
Department,"Team member","Modified time","All data","No data"
Department,Manager,"Department Name","All data","No data"
Department,Manager,"Mail Alias","All data","No data"
Department,Manager,"Department Lead","All data","No data"
Department,Manager,"Parent Department","All data","No data"
Department,Manager,"Added By","All data","No data"
Department,Manager,"Added time","All data","No data"
Department,Manager,"Modified By","All data","No data"
Department,Manager,"Modified time","All data","No data"
Department,Director,"Department Name","All data","No data"
Department,Director,"Mail Alias","All data","No data"
Department,Director,"Department Lead","All data","No data"
Department,Director,"Parent Department","All data","No data"
Department,Director,"Added By","All data","No data"
Department,Director,"Added time","All data","No data"
Department,Director,"Modified By","All data","No data"
Department,Director,"Modified time","All data","No data"
Department,"Team Incharge","Department Name","All data","No data"
Department,"Team Incharge","Mail Alias","All data","No data"
Department,"Team Incharge","Department Lead","All data","No data"
Department,"Team Incharge","Parent Department","All data","No data"
Department,"Team Incharge","Added By","All data","No data"
Department,"Team Incharge","Added time","All data","No data"
Department,"Team Incharge","Modified By","All data","No data"
Department,"Team Incharge","Modified time","All data","No data"
Department,HR,"Department Name","All data","No data"
Department,HR,"Mail Alias","All data","No data"
Department,HR,"Department Lead","All data","No data"
Department,HR,"Parent Department","All data","No data"
Department,HR,"Added By","All data","No data"
Department,HR,"Added time","All data","No data"
Department,HR,"Modified By","All data","No data"
Department,HR,"Modified time","All data","No data"
Department,"External Consultant","Department Name","All data","No data"
Department,"External Consultant","Mail Alias","All data","No data"
Department,"External Consultant","Department Lead","All data","No data"
Department,"External Consultant","Parent Department","All data","No data"
Department,"External Consultant","Added By","All data","No data"
Department,"External Consultant","Added time","All data","No data"
Department,"External Consultant","Modified By","All data","No data"
Department,"External Consultant","Modified time","All data","No data"
Designation,"Team member","Designation Name","All data","No data"
Designation,"Team member","Mail Alias","All data","No data"
Designation,"Team member","Added By","All data","No data"
Designation,"Team member","Added time","All data","No data"
Designation,"Team member","Modified By","All data","No data"
Designation,"Team member","Modified time","All data","No data"
Designation,Manager,"Designation Name","All data","No data"
Designation,Manager,"Mail Alias","All data","No data"
Designation,Manager,"Added By","All data","No data"
Designation,Manager,"Added time","All data","No data"
Designation,Manager,"Modified By","All data","No data"
Designation,Manager,"Modified time","All data","No data"
Designation,Director,"Designation Name","All data","No data"
Designation,Director,"Mail Alias","All data","No data"
Designation,Director,"Added By","All data","No data"
Designation,Director,"Added time","All data","No data"
Designation,Director,"Modified By","All data","No data"
Designation,Director,"Modified time","All data","No data"
Designation,"Team Incharge","Designation Name","All data","No data"
Designation,"Team Incharge","Mail Alias","All data","No data"
Designation,"Team Incharge","Added By","All data","No data"
Designation,"Team Incharge","Added time","All data","No data"
Designation,"Team Incharge","Modified By","All data","No data"
Designation,"Team Incharge","Modified time","All data","No data"
Designation,HR,"Designation Name","All data","No data"
Designation,HR,"Mail Alias","All data","No data"
Designation,HR,"Added By","All data","No data"
Designation,HR,"Added time","All data","No data"
Designation,HR,"Modified By","All data","No data"
Designation,HR,"Modified time","All data","No data"
Designation,"External Consultant","Designation Name","All data","No data"
Designation,"External Consultant","Mail Alias","All data","No data"
Designation,"External Consultant","Added By","All data","No data"
Designation,"External Consultant","Added time","All data","No data"
Designation,"External Consultant","Modified By","All data","No data"
Designation,"External Consultant","Modified time","All data","No data"
"Exit Details","Team member",Interviewer,"All data","No data"
"Exit Details","Team member","Separation date","All data","No data"
"Exit Details","Team member","Reason for leaving","All data","No data"
"Exit Details","Team member","Working for this organization again","All data","No data"
"Exit Details","Team member","Think the organization do to improve staff welfare","All data","No data"
"Exit Details","Team member","What did you like the most of the organization","All data","No data"
"Exit Details","Team member","Anything you wish to share with us","All data","No data"
"Exit Details","Team member","Company Vehicle handed in","All data","No data"
"Exit Details","Team member","All library books submitted","All data","No data"
"Exit Details","Team member","Exit interview conducted","All data","No data"
"Exit Details","Team member","Resignation letter submitted","All data","No data"
"Exit Details","Team member","All equipments handed in","All data","No data"
"Exit Details","Team member",Security,"All data","No data"
"Exit Details","Team member","Notice period followed","All data","No data"
"Exit Details","Team member","Manager/Supervisor clearance","All data","No data"
"Exit Details","Team member","Added By","All data","No data"
"Exit Details","Team member","Added time","All data","No data"
"Exit Details","Team member","Modified By","All data","No data"
"Exit Details","Team member","Modified time","All data","No data"
"Exit Details",Manager,Interviewer,"All data","No data"
"Exit Details",Manager,"Separation date","All data","No data"
"Exit Details",Manager,"Reason for leaving","All data","No data"
"Exit Details",Manager,"Working for this organization again","All data","No data"
"Exit Details",Manager,"Think the organization do to improve staff welfare","All data","No data"
"Exit Details",Manager,"What did you like the most of the organization","All data","No data"
"Exit Details",Manager,"Anything you wish to share with us","All data","No data"
"Exit Details",Manager,"Company Vehicle handed in","All data","No data"
"Exit Details",Manager,"All library books submitted","All data","No data"
"Exit Details",Manager,"Exit interview conducted","All data","No data"
"Exit Details",Manager,"Resignation letter submitted","All data","No data"
"Exit Details",Manager,"All equipments handed in","All data","No data"
"Exit Details",Manager,Security,"All data","No data"
"Exit Details",Manager,"Notice period followed","All data","No data"
"Exit Details",Manager,"Manager/Supervisor clearance","All data","No data"
"Exit Details",Manager,"Added By","All data","No data"
"Exit Details",Manager,"Added time","All data","No data"
"Exit Details",Manager,"Modified By","All data","No data"
"Exit Details",Manager,"Modified time","All data","No data"
"Exit Details",Director,"Employee ID","All data","No data"
"Exit Details",Director,Interviewer,"All data","No data"
"Exit Details",Director,"Separation date","All data","No data"
"Exit Details",Director,"Reason for leaving","All data","No data"
"Exit Details",Director,"Working for this organization again","All data","No data"
"Exit Details",Director,"Think the organization do to improve staff welfare","All data","No data"
"Exit Details",Director,"What did you like the most of the organization","All data","No data"
"Exit Details",Director,"Anything you wish to share with us","All data","No data"
"Exit Details",Director,"Company Vehicle handed in","All data","No data"
"Exit Details",Director,"All library books submitted","All data","No data"
"Exit Details",Director,"Exit interview conducted","All data","No data"
"Exit Details",Director,"Resignation letter submitted","All data","No data"
"Exit Details",Director,"All equipments handed in","All data","No data"
"Exit Details",Director,Security,"All data","No data"
"Exit Details",Director,"Notice period followed","All data","No data"
"Exit Details",Director,"Manager/Supervisor clearance","All data","No data"
"Exit Details",Director,"Added By","All data","No data"
"Exit Details",Director,"Added time","All data","No data"
"Exit Details",Director,"Modified By","All data","No data"
"Exit Details",Director,"Modified time","All data","No data"
"Exit Details","Team Incharge",Interviewer,"All data","No data"
"Exit Details","Team Incharge","Separation date","All data","No data"
"Exit Details","Team Incharge","Reason for leaving","All data","No data"
"Exit Details","Team Incharge","Working for this organization again","All data","No data"
"Exit Details","Team Incharge","Think the organization do to improve staff welfare","All data","No data"
"Exit Details","Team Incharge","What did you like the most of the organization","All data","No data"
"Exit Details","Team Incharge","Anything you wish to share with us","All data","No data"
"Exit Details","Team Incharge","Company Vehicle handed in","All data","No data"
"Exit Details","Team Incharge","All library books submitted","All data","No data"
"Exit Details","Team Incharge","Exit interview conducted","All data","No data"
"Exit Details","Team Incharge","Resignation letter submitted","All data","No data"
"Exit Details","Team Incharge","All equipments handed in","All data","No data"
"Exit Details","Team Incharge",Security,"All data","No data"
"Exit Details","Team Incharge","Notice period followed","All data","No data"
"Exit Details","Team Incharge","Manager/Supervisor clearance","All data","No data"
"Exit Details","Team Incharge","Added By","All data","No data"
"Exit Details","Team Incharge","Added time","All data","No data"
"Exit Details","Team Incharge","Modified By","All data","No data"
"Exit Details","Team Incharge","Modified time","All data","No data"
"Exit Details",HR,"Employee ID","All data","No data"
"Exit Details",HR,Interviewer,"All data","No data"
"Exit Details",HR,"Separation date","All data","No data"
"Exit Details",HR,"Reason for leaving","All data","No data"
"Exit Details",HR,"Working for this organization again","All data","No data"
"Exit Details",HR,"Think the organization do to improve staff welfare","All data","No data"
"Exit Details",HR,"What did you like the most of the organization","All data","No data"
"Exit Details",HR,"Anything you wish to share with us","All data","No data"
"Exit Details",HR,"Company Vehicle handed in","All data","No data"
"Exit Details",HR,"All library books submitted","All data","No data"
"Exit Details",HR,"Exit interview conducted","All data","No data"
"Exit Details",HR,"Resignation letter submitted","All data","No data"
"Exit Details",HR,"All equipments handed in","All data","No data"
"Exit Details",HR,Security,"All data","No data"
"Exit Details",HR,"Notice period followed","All data","No data"
"Exit Details",HR,"Manager/Supervisor clearance","All data","No data"
"Exit Details",HR,"Added By","All data","No data"
"Exit Details",HR,"Added time","All data","No data"
"Exit Details",HR,"Modified By","All data","No data"
"Exit Details",HR,"Modified time","All data","No data"
"Exit Details","External Consultant",Interviewer,"All data","No data"
"Exit Details","External Consultant","Separation date","All data","No data"
"Exit Details","External Consultant","Reason for leaving","All data","No data"
"Exit Details","External Consultant","Working for this organization again","All data","No data"
"Exit Details","External Consultant","Think the organization do to improve staff welfare","All data","No data"
"Exit Details","External Consultant","What did you like the most of the organization","All data","No data"
"Exit Details","External Consultant","Anything you wish to share with us","All data","No data"
"Exit Details","External Consultant","Company Vehicle handed in","All data","No data"
"Exit Details","External Consultant","All library books submitted","All data","No data"
"Exit Details","External Consultant","Exit interview conducted","All data","No data"
"Exit Details","External Consultant","Resignation letter submitted","All data","No data"
"Exit Details","External Consultant","All equipments handed in","All data","No data"
"Exit Details","External Consultant",Security,"All data","No data"
"Exit Details","External Consultant","Notice period followed","All data","No data"
"Exit Details","External Consultant","Manager/Supervisor clearance","All data","No data"
"Exit Details","External Consultant","Added By","All data","No data"
"Exit Details","External Consultant","Added time","All data","No data"
"Exit Details","External Consultant","Modified By","All data","No data"
"Exit Details","External Consultant","Modified time","All data","No data"
Leave,"Team member","Employee ID","All data","All data"
Leave,"Team member","Leave type","All data","All data"
Leave,"Team member","Is half-day","All data","All data"
Leave,"Team member",From,"All data","All data"
Leave,"Team member",To,"All data","All data"
Leave,"Team member","Date of request","All data","All data"
Leave,"Team member","Hours taken","All data","All data"
Leave,"Team member","Team Email ID","All data","My data"
Leave,"Team member","Reason for leave","All data","All data"
Leave,"Team member","Medical certificate","All data","All data"
Leave,"Team member","Added By","All data","No data"
Leave,"Team member","Added time","All data","No data"
Leave,"Team member","Added IP Address","All data","No data"
Leave,"Team member","Modified By","All data","No data"
Leave,"Team member","Modified time","All data","No data"
Leave,"Team member","Modified IP Address","All data","No data"
Leave,"Team member",Unit,"All data","All data"
Leave,Manager,"Employee ID","All data","All data"
Leave,Manager,"Leave type","All data","All data"
Leave,Manager,"Is half-day","All data","All data"
Leave,Manager,From,"All data","All data"
Leave,Manager,To,"All data","All data"
Leave,Manager,"Date of request","All data","All data"
Leave,Manager,"Hours taken","All data","All data"
Leave,Manager,"Team Email ID","All data","Reportees + My Data"
Leave,Manager,"Reason for leave","All data","All data"
Leave,Manager,"Medical certificate","All data","All data"
Leave,Manager,"Added By","All data","No data"
Leave,Manager,"Added time","All data","No data"
Leave,Manager,"Added IP Address","All data","No data"
Leave,Manager,"Modified By","All data","No data"
Leave,Manager,"Modified time","All data","No data"
Leave,Manager,"Modified IP Address","All data","No data"
Leave,Manager,Unit,"All data","All data"
Leave,Director,"Employee ID","All data","All data"
Leave,Director,"Leave type","All data","All data"
Leave,Director,"Is half-day","All data","All data"
Leave,Director,From,"All data","All data"
Leave,Director,To,"All data","All data"
Leave,Director,"Date of request","All data","All data"
Leave,Director,"Hours taken","All data","All data"
Leave,Director,"Team Email ID","All data","Reportees + My Data"
Leave,Director,"Reason for leave","All data","All data"
Leave,Director,"Medical certificate","All data","All data"
Leave,Director,"Added By","All data","No data"
Leave,Director,"Added time","All data","No data"
Leave,Director,"Added IP Address","All data","No data"
Leave,Director,"Modified By","All data","No data"
Leave,Director,"Modified time","All data","No data"
Leave,Director,"Modified IP Address","All data","No data"
Leave,Director,Unit,"All data","All data"
Leave,"Team Incharge","Employee ID","All data","All data"
Leave,"Team Incharge","Leave type","All data","All data"
Leave,"Team Incharge","Is half-day","All data","All data"
Leave,"Team Incharge",From,"All data","All data"
Leave,"Team Incharge",To,"All data","All data"
Leave,"Team Incharge","Date of request","All data","All data"
Leave,"Team Incharge","Hours taken","All data","All data"
Leave,"Team Incharge","Team Email ID","All data","My data"
Leave,"Team Incharge","Reason for leave","All data","All data"
Leave,"Team Incharge","Medical certificate","All data","All data"
Leave,"Team Incharge","Added By","All data","No data"
Leave,"Team Incharge","Added time","All data","No data"
Leave,"Team Incharge","Added IP Address","All data","No data"
Leave,"Team Incharge","Modified By","All data","No data"
Leave,"Team Incharge","Modified time","All data","No data"
Leave,"Team Incharge","Modified IP Address","All data","No data"
Leave,"Team Incharge",Unit,"All data","All data"
Leave,HR,"Employee ID","All data","All data"
Leave,HR,"Leave type","All data","All data"
Leave,HR,"Is half-day","All data","All data"
Leave,HR,From,"All data","All data"
Leave,HR,To,"All data","All data"
Leave,HR,"Date of request","All data","All data"
Leave,HR,"Hours taken","All data","All data"
Leave,HR,"Team Email ID","All data","Reportees + My Data"
Leave,HR,"Reason for leave","All data","All data"
Leave,HR,"Medical certificate","All data","All data"
Leave,HR,"Added By","All data","No data"
Leave,HR,"Added time","All data","No data"
Leave,HR,"Added IP Address","All data","No data"
Leave,HR,"Modified By","All data","No data"
Leave,HR,"Modified time","All data","No data"
Leave,HR,"Modified IP Address","All data","No data"
Leave,HR,Unit,"All data","All data"
Leave,"External Consultant","Employee ID","All data","All data"
Leave,"External Consultant","Leave type","All data","All data"
Leave,"External Consultant","Is half-day","All data","All data"
Leave,"External Consultant",From,"All data","All data"
Leave,"External Consultant",To,"All data","All data"
Leave,"External Consultant","Date of request","All data","All data"
Leave,"External Consultant","Hours taken","All data","All data"
Leave,"External Consultant","Team Email ID","All data","My data"
Leave,"External Consultant","Reason for leave","All data","All data"
Leave,"External Consultant","Medical certificate","All data","All data"
Leave,"External Consultant","Added By","All data","No data"
Leave,"External Consultant","Added time","All data","No data"
Leave,"External Consultant","Added IP Address","All data","No data"
Leave,"External Consultant","Modified By","All data","No data"
Leave,"External Consultant","Modified time","All data","No data"
Leave,"External Consultant","Modified IP Address","All data","No data"
Leave,"External Consultant",Unit,"All data","All data"
Clients,"Team member","Client Name","All data","All data"
Clients,"Team member",Currency,"All data","All data"
Clients,"Team member","Billing Method","All data","All data"
Clients,"Team member",EmailId,"All data","All data"
Clients,"Team member","First Name","All data","All data"
Clients,"Team member","Last Name","All data","All data"
Clients,"Team member",Phone,"All data","All data"
Clients,"Team member",Mobile,"All data","All data"
Clients,"Team member",Fax,"All data","All data"
Clients,"Team member","Street Address","All data","All data"
Clients,"Team member",City,"All data","All data"
Clients,"Team member",State/Province,"All data","All data"
Clients,"Team member","ZIP/PIN Code","All data","All data"
Clients,"Team member",Country,"All data","All data"
Clients,"Team member",Industry,"All data","All data"
Clients,"Team member","Company Size","All data","All data"
Clients,"Team member",Description,"All data","All data"
Clients,"Team member","Added By","All data","All data"
Clients,"Team member","Added time","All data","All data"
Clients,"Team member","Added IP Address","All data","All data"
Clients,"Team member","Modified By","All data","All data"
Clients,"Team member","Modified time","All data","All data"
Clients,"Team member","Modified IP Address","All data","All data"
Clients,Manager,"Client Name","All data","All data"
Clients,Manager,Currency,"All data","All data"
Clients,Manager,"Billing Method","All data","All data"
Clients,Manager,EmailId,"All data","All data"
Clients,Manager,"First Name","All data","All data"
Clients,Manager,"Last Name","All data","All data"
Clients,Manager,Phone,"All data","All data"
Clients,Manager,Mobile,"All data","All data"
Clients,Manager,Fax,"All data","All data"
Clients,Manager,"Street Address","All data","All data"
Clients,Manager,City,"All data","All data"
Clients,Manager,State/Province,"All data","All data"
Clients,Manager,"ZIP/PIN Code","All data","All data"
Clients,Manager,Country,"All data","All data"
Clients,Manager,Industry,"All data","All data"
Clients,Manager,"Company Size","All data","All data"
Clients,Manager,Description,"All data","All data"
Clients,Manager,"Added By","All data","All data"
Clients,Manager,"Added time","All data","All data"
Clients,Manager,"Added IP Address","All data","All data"
Clients,Manager,"Modified By","All data","All data"
Clients,Manager,"Modified time","All data","All data"
Clients,Manager,"Modified IP Address","All data","All data"
Clients,Director,"Client Name","All data","All data"
Clients,Director,Currency,"All data","All data"
Clients,Director,"Billing Method","All data","All data"
Clients,Director,EmailId,"All data","All data"
Clients,Director,"First Name","All data","All data"
Clients,Director,"Last Name","All data","All data"
Clients,Director,Phone,"All data","All data"
Clients,Director,Mobile,"All data","All data"
Clients,Director,Fax,"All data","All data"
Clients,Director,"Street Address","All data","All data"
Clients,Director,City,"All data","All data"
Clients,Director,State/Province,"All data","All data"
Clients,Director,"ZIP/PIN Code","All data","All data"
Clients,Director,Country,"All data","All data"
Clients,Director,Industry,"All data","All data"
Clients,Director,"Company Size","All data","All data"
Clients,Director,Description,"All data","All data"
Clients,Director,"Added By","All data","All data"
Clients,Director,"Added time","All data","All data"
Clients,Director,"Added IP Address","All data","All data"
Clients,Director,"Modified By","All data","All data"
Clients,Director,"Modified time","All data","All data"
Clients,Director,"Modified IP Address","All data","All data"
Clients,"Team Incharge","Client Name","All data","All data"
Clients,"Team Incharge",Currency,"All data","All data"
Clients,"Team Incharge","Billing Method","All data","All data"
Clients,"Team Incharge",EmailId,"All data","All data"
Clients,"Team Incharge","First Name","All data","All data"
Clients,"Team Incharge","Last Name","All data","All data"
Clients,"Team Incharge",Phone,"All data","All data"
Clients,"Team Incharge",Mobile,"All data","All data"
Clients,"Team Incharge",Fax,"All data","All data"
Clients,"Team Incharge","Street Address","All data","All data"
Clients,"Team Incharge",City,"All data","All data"
Clients,"Team Incharge",State/Province,"All data","All data"
Clients,"Team Incharge","ZIP/PIN Code","All data","All data"
Clients,"Team Incharge",Country,"All data","All data"
Clients,"Team Incharge",Industry,"All data","All data"
Clients,"Team Incharge","Company Size","All data","All data"
Clients,"Team Incharge",Description,"All data","All data"
Clients,"Team Incharge","Added By","All data","All data"
Clients,"Team Incharge","Added time","All data","All data"
Clients,"Team Incharge","Added IP Address","All data","All data"
Clients,"Team Incharge","Modified By","All data","All data"
Clients,"Team Incharge","Modified time","All data","All data"
Clients,"Team Incharge","Modified IP Address","All data","All data"
Clients,HR,"Client Name","All data","All data"
Clients,HR,Currency,"All data","All data"
Clients,HR,"Billing Method","All data","All data"
Clients,HR,EmailId,"All data","All data"
Clients,HR,"First Name","All data","All data"
Clients,HR,"Last Name","All data","All data"
Clients,HR,Phone,"All data","All data"
Clients,HR,Mobile,"All data","All data"
Clients,HR,Fax,"All data","All data"
Clients,HR,"Street Address","All data","All data"
Clients,HR,City,"All data","All data"
Clients,HR,State/Province,"All data","All data"
Clients,HR,"ZIP/PIN Code","All data","All data"
Clients,HR,Country,"All data","All data"
Clients,HR,Industry,"All data","All data"
Clients,HR,"Company Size","All data","All data"
Clients,HR,Description,"All data","All data"
Clients,HR,"Added By","All data","All data"
Clients,HR,"Added time","All data","All data"
Clients,HR,"Added IP Address","All data","All data"
Clients,HR,"Modified By","All data","All data"
Clients,HR,"Modified time","All data","All data"
Clients,HR,"Modified IP Address","All data","All data"
Clients,"External Consultant","Client Name","All data","All data"
Clients,"External Consultant",Currency,"All data","All data"
Clients,"External Consultant","Billing Method","All data","All data"
Clients,"External Consultant",EmailId,"All data","All data"
Clients,"External Consultant","First Name","All data","All data"
Clients,"External Consultant","Last Name","All data","All data"
Clients,"External Consultant",Phone,"All data","All data"
Clients,"External Consultant",Mobile,"All data","All data"
Clients,"External Consultant",Fax,"All data","All data"
Clients,"External Consultant","Street Address","All data","All data"
Clients,"External Consultant",City,"All data","All data"
Clients,"External Consultant",State/Province,"All data","All data"
Clients,"External Consultant","ZIP/PIN Code","All data","All data"
Clients,"External Consultant",Country,"All data","All data"
Clients,"External Consultant",Industry,"All data","All data"
Clients,"External Consultant","Company Size","All data","All data"
Clients,"External Consultant",Description,"All data","All data"
Clients,"External Consultant","Added By","All data","All data"
Clients,"External Consultant","Added time","All data","All data"
Clients,"External Consultant","Added IP Address","All data","All data"
Clients,"External Consultant","Modified By","All data","All data"
Clients,"External Consultant","Modified time","All data","All data"
Clients,"External Consultant","Modified IP Address","All data","All data"
Projects,"Team member","Project Name","All data","All data"
Projects,"Team member","Client Name","All data","All data"
Projects,"Team member","Project Cost","All data","All data"
Projects,"Team member",Status,"All data","All data"
Projects,"Team member","Project Owner","All data","All data"
Projects,"Team member","Project Manager","All data","All data"
Projects,"Team member","Project Users","All data","All data"
Projects,"Team member","Added By","All data","No data"
Projects,"Team member","Added time","All data","No data"
Projects,"Team member","Modified By","All data","No data"
Projects,"Team member","Modified time","All data","No data"
Projects,"Team member",Description,"All data","All data"
Projects,"Team member","Project Head","All data","All data"
Projects,Manager,"Project Name","All data","All data"
Projects,Manager,"Client Name","All data","All data"
Projects,Manager,"Project Cost","All data","All data"
Projects,Manager,Status,"All data","All data"
Projects,Manager,"Project Owner","All data","All data"
Projects,Manager,"Project Manager","All data","All data"
Projects,Manager,"Project Users","All data","All data"
Projects,Manager,"Added By","All data","No data"
Projects,Manager,"Added time","All data","No data"
Projects,Manager,"Modified By","All data","No data"
Projects,Manager,"Modified time","All data","No data"
Projects,Manager,Description,"All data","All data"
Projects,Manager,"Project Head","All data","All data"
Projects,Director,"Project Name","All data","All data"
Projects,Director,"Client Name","All data","All data"
Projects,Director,"Project Cost","All data","All data"
Projects,Director,Status,"All data","All data"
Projects,Director,"Project Owner","All data","All data"
Projects,Director,"Project Manager","All data","All data"
Projects,Director,"Project Users","All data","All data"
Projects,Director,"Added By","All data","No data"
Projects,Director,"Added time","All data","No data"
Projects,Director,"Modified By","All data","No data"
Projects,Director,"Modified time","All data","No data"
Projects,Director,Description,"All data","All data"
Projects,Director,"Project Head","All data","All data"
Projects,"Team Incharge","Project Name","All data","All data"
Projects,"Team Incharge","Client Name","All data","All data"
Projects,"Team Incharge","Project Cost","All data","All data"
Projects,"Team Incharge",Status,"All data","All data"
Projects,"Team Incharge","Project Owner","All data","All data"
Projects,"Team Incharge","Project Manager","All data","All data"
Projects,"Team Incharge","Project Users","All data","All data"
Projects,"Team Incharge","Added By","All data","No data"
Projects,"Team Incharge","Added time","All data","No data"
Projects,"Team Incharge","Modified By","All data","No data"
Projects,"Team Incharge","Modified time","All data","No data"
Projects,"Team Incharge",Description,"All data","All data"
Projects,"Team Incharge","Project Head","All data","All data"
Projects,HR,"Project Name","All data","All data"
Projects,HR,"Client Name","All data","All data"
Projects,HR,"Project Cost","All data","All data"
Projects,HR,Status,"All data","All data"
Projects,HR,"Project Owner","All data","All data"
Projects,HR,"Project Manager","All data","All data"
Projects,HR,"Project Users","All data","All data"
Projects,HR,"Added By","All data","No data"
Projects,HR,"Added time","All data","No data"
Projects,HR,"Modified By","All data","No data"
Projects,HR,"Modified time","All data","No data"
Projects,HR,Description,"All data","All data"
Projects,HR,"Project Head","All data","All data"
Projects,"External Consultant","Project Name","All data","All data"
Projects,"External Consultant","Client Name","All data","All data"
Projects,"External Consultant","Project Cost","All data","All data"
Projects,"External Consultant",Status,"All data","All data"
Projects,"External Consultant","Project Owner","All data","All data"
Projects,"External Consultant","Project Manager","All data","All data"
Projects,"External Consultant","Project Users","All data","All data"
Projects,"External Consultant","Added By","All data","No data"
Projects,"External Consultant","Added time","All data","No data"
Projects,"External Consultant","Modified By","All data","No data"
Projects,"External Consultant","Modified time","All data","No data"
Projects,"External Consultant",Description,"All data","All data"
Projects,"External Consultant","Project Head","All data","All data"
Jobs,Admin,"Billable Status","All data","All data"
Jobs,"Team member","Job Name","All data","All data"
Jobs,"Team member",Project,"All data","All data"
Jobs,"Team member","Start Date","All data","All data"
Jobs,"Team member","End Date","All data","All data"
Jobs,"Team member",Hours,"All data","All data"
Jobs,"Team member","Rate Per Hour","All data","All data"
Jobs,"Team member",Description,"All data","All data"
Jobs,"Team member",Attachment,"All data","All data"
Jobs,"Team member",Reminder,"All data","All data"
Jobs,"Team member","Reminder Time","All data","All data"
Jobs,"Team member",Assignees,"All data","All data"
Jobs,"Team member",Status,"All data","All data"
Jobs,"Team member","Job Owner","All data","All data"
Jobs,"Team member","Billable Status","All data","All data"
Jobs,"Team member","Added By","All data","No data"
Jobs,"Team member","Added time","All data","No data"
Jobs,"Team member","Modified By","All data","No data"
Jobs,"Team member","Modified time","All data","No data"
Jobs,Manager,"Job Name","All data","All data"
Jobs,Manager,Project,"All data","All data"
Jobs,Manager,"Start Date","All data","All data"
Jobs,Manager,"End Date","All data","All data"
Jobs,Manager,Hours,"All data","All data"
Jobs,Manager,"Rate Per Hour","All data","All data"
Jobs,Manager,Description,"All data","All data"
Jobs,Manager,Attachment,"All data","All data"
Jobs,Manager,Reminder,"All data","All data"
Jobs,Manager,"Reminder Time","All data","All data"
Jobs,Manager,Assignees,"All data","All data"
Jobs,Manager,Status,"All data","All data"
Jobs,Manager,"Job Owner","All data","All data"
Jobs,Manager,"Billable Status","All data","All data"
Jobs,Manager,"Added By","All data","No data"
Jobs,Manager,"Added time","All data","No data"
Jobs,Manager,"Modified By","All data","No data"
Jobs,Manager,"Modified time","All data","No data"
Jobs,Director,"Job Name","All data","All data"
Jobs,Director,Project,"All data","All data"
Jobs,Director,"Start Date","All data","All data"
Jobs,Director,"End Date","All data","All data"
Jobs,Director,Hours,"All data","All data"
Jobs,Director,"Rate Per Hour","All data","All data"
Jobs,Director,Description,"All data","All data"
Jobs,Director,Attachment,"All data","All data"
Jobs,Director,Reminder,"All data","All data"
Jobs,Director,"Reminder Time","All data","All data"
Jobs,Director,Assignees,"All data","All data"
Jobs,Director,Status,"All data","All data"
Jobs,Director,"Job Owner","All data","All data"
Jobs,Director,"Billable Status","All data","All data"
Jobs,Director,"Added By","All data","No data"
Jobs,Director,"Added time","All data","No data"
Jobs,Director,"Modified By","All data","No data"
Jobs,Director,"Modified time","All data","No data"
Jobs,"Team Incharge","Job Name","All data","All data"
Jobs,"Team Incharge",Project,"All data","All data"
Jobs,"Team Incharge","Start Date","All data","All data"
Jobs,"Team Incharge","End Date","All data","All data"
Jobs,"Team Incharge",Hours,"All data","All data"
Jobs,"Team Incharge","Rate Per Hour","All data","All data"
Jobs,"Team Incharge",Description,"All data","All data"
Jobs,"Team Incharge",Attachment,"All data","All data"
Jobs,"Team Incharge",Reminder,"All data","All data"
Jobs,"Team Incharge","Reminder Time","All data","All data"
Jobs,"Team Incharge",Assignees,"All data","All data"
Jobs,"Team Incharge",Status,"All data","All data"
Jobs,"Team Incharge","Job Owner","All data","All data"
Jobs,"Team Incharge","Billable Status","All data","All data"
Jobs,"Team Incharge","Added By","All data","No data"
Jobs,"Team Incharge","Added time","All data","No data"
Jobs,"Team Incharge","Modified By","All data","No data"
Jobs,"Team Incharge","Modified time","All data","No data"
Jobs,HR,"Job Name","All data","All data"
Jobs,HR,Project,"All data","All data"
Jobs,HR,"Start Date","All data","All data"
Jobs,HR,"End Date","All data","All data"
Jobs,HR,Hours,"All data","All data"
Jobs,HR,"Rate Per Hour","All data","All data"
Jobs,HR,Description,"All data","All data"
Jobs,HR,Attachment,"All data","All data"
Jobs,HR,Reminder,"All data","All data"
Jobs,HR,"Reminder Time","All data","All data"
Jobs,HR,Assignees,"All data","All data"
Jobs,HR,Status,"All data","All data"
Jobs,HR,"Job Owner","All data","All data"
Jobs,HR,"Billable Status","All data","All data"
Jobs,HR,"Added By","All data","No data"
Jobs,HR,"Added time","All data","No data"
Jobs,HR,"Modified By","All data","No data"
Jobs,HR,"Modified time","All data","No data"
Jobs,"External Consultant","Job Name","All data","All data"
Jobs,"External Consultant",Project,"All data","All data"
Jobs,"External Consultant","Start Date","All data","All data"
Jobs,"External Consultant","End Date","All data","All data"
Jobs,"External Consultant",Hours,"All data","All data"
Jobs,"External Consultant","Rate Per Hour","All data","All data"
Jobs,"External Consultant",Description,"All data","All data"
Jobs,"External Consultant",Attachment,"All data","All data"
Jobs,"External Consultant",Reminder,"All data","All data"
Jobs,"External Consultant","Reminder Time","All data","All data"
Jobs,"External Consultant",Assignees,"All data","All data"
Jobs,"External Consultant",Status,"All data","All data"
Jobs,"External Consultant","Job Owner","All data","All data"
Jobs,"External Consultant","Billable Status","All data","All data"
Jobs,"External Consultant","Added By","All data","No data"
Jobs,"External Consultant","Added time","All data","No data"
Jobs,"External Consultant","Modified By","All data","No data"
Jobs,"External Consultant","Modified time","All data","No data"
"Self Appraisal","Team member","Self Appraisal Document","All data","All data"
"Self Appraisal","Team member","Appraisee List","All data","All data"
"Self Appraisal","Team member","Appraisal Cycle","All data","All data"
"Self Appraisal","Team member",Rating,"All data","All data"
"Self Appraisal","Team member",Employee,"All data","My data"
"Self Appraisal","Team member","Added By","All data","No data"
"Self Appraisal","Team member","Added time","All data","No data"
"Self Appraisal","Team member","Modified By","All data","No data"
"Self Appraisal","Team member","Modified time","All data","No data"
"Self Appraisal",Manager,"Self Appraisal Document","All data","All data"
"Self Appraisal",Manager,"Appraisee List","All data","All data"
"Self Appraisal",Manager,"Appraisal Cycle","All data","All data"
"Self Appraisal",Manager,Rating,"All data","All data"
"Self Appraisal",Manager,Employee,"All data","My data"
"Self Appraisal",Manager,"Added By","All data","No data"
"Self Appraisal",Manager,"Added time","All data","No data"
"Self Appraisal",Manager,"Modified By","All data","No data"
"Self Appraisal",Manager,"Modified time","All data","No data"
"Self Appraisal",Director,"Self Appraisal Document","All data","All data"
"Self Appraisal",Director,"Appraisee List","All data","All data"
"Self Appraisal",Director,"Appraisal Cycle","All data","All data"
"Self Appraisal",Director,Rating,"All data","All data"
"Self Appraisal",Director,Employee,"All data","My data"
"Self Appraisal",Director,"Added By","All data","No data"
"Self Appraisal",Director,"Added time","All data","No data"
"Self Appraisal",Director,"Modified By","All data","No data"
"Self Appraisal",Director,"Modified time","All data","No data"
"Self Appraisal","Team Incharge","Self Appraisal Document","All data","All data"
"Self Appraisal","Team Incharge","Appraisee List","All data","All data"
"Self Appraisal","Team Incharge","Appraisal Cycle","All data","All data"
"Self Appraisal","Team Incharge",Rating,"All data","All data"
"Self Appraisal","Team Incharge",Employee,"All data","My data"
"Self Appraisal","Team Incharge","Added By","All data","No data"
"Self Appraisal","Team Incharge","Added time","All data","No data"
"Self Appraisal","Team Incharge","Modified By","All data","No data"
"Self Appraisal","Team Incharge","Modified time","All data","No data"
"Self Appraisal",HR,"Self Appraisal Document","All data","All data"
"Self Appraisal",HR,"Appraisee List","All data","All data"
"Self Appraisal",HR,"Appraisal Cycle","All data","All data"
"Self Appraisal",HR,Rating,"All data","All data"
"Self Appraisal",HR,Employee,"All data","My data"
"Self Appraisal",HR,"Added By","All data","No data"
"Self Appraisal",HR,"Added time","All data","No data"
"Self Appraisal",HR,"Modified By","All data","No data"
"Self Appraisal",HR,"Modified time","All data","No data"
"Self Appraisal","External Consultant","Self Appraisal Document","All data","All data"
"Self Appraisal","External Consultant","Appraisee List","All data","All data"
"Self Appraisal","External Consultant","Appraisal Cycle","All data","All data"
"Self Appraisal","External Consultant",Rating,"All data","All data"
"Self Appraisal","External Consultant",Employee,"All data","My data"
"Self Appraisal","External Consultant","Added By","All data","No data"
"Self Appraisal","External Consultant","Added time","All data","No data"
"Self Appraisal","External Consultant","Modified By","All data","No data"
"Self Appraisal","External Consultant","Modified time","All data","No data"
"Performance Appraisal","Team member",Appraisee,"All data","All data"
"Performance Appraisal","Team member",Rating,"All data","All data"
"Performance Appraisal","Team member",Hike,"All data","All data"
"Performance Appraisal","Team member","Current CTC","All data","All data"
"Performance Appraisal","Team member","Revised CTC","All data","All data"
"Performance Appraisal","Team member",ReviewerType,"All data","All data"
"Performance Appraisal","Team member",Comments,"All data","All data"
"Performance Appraisal","Team member","Current Designation","All data","All data"
"Performance Appraisal","Team member","Promoted Designation","All data","All data"
"Performance Appraisal","Team member","User Document","All data","All data"
"Performance Appraisal","Team member",Department,"All data","All data"
"Performance Appraisal","Team member","Appraisal Cycle","All data","All data"
"Performance Appraisal","Team member",Appraiser,"All data","All data"
"Performance Appraisal","Team member","Is reviewed","All data","All data"
"Performance Appraisal","Team member","Is finalized","All data","All data"
"Performance Appraisal","Team member","Review Start Date","All data","All data"
"Performance Appraisal","Team member","Review End Date","All data","All data"
"Performance Appraisal","Team member","Appraisee List","All data","All data"
"Performance Appraisal","Team member","Employee Salary","All data","All data"
"Performance Appraisal","Team member","Feedback Type","All data","All data"
"Performance Appraisal","Team member","Feedback Comments","All data","All data"
"Performance Appraisal","Team member","Added By","All data","No data"
"Performance Appraisal","Team member","Added time","All data","No data"
"Performance Appraisal","Team member","Modified By","All data","No data"
"Performance Appraisal","Team member","Modified time","All data","No data"
"Performance Appraisal","Team member","Is Published","All data","All data"
"Performance Appraisal",Manager,Appraisee,"All data","All data"
"Performance Appraisal",Manager,Rating,"All data","All data"
"Performance Appraisal",Manager,Hike,"All data","All data"
"Performance Appraisal",Manager,"Current CTC","All data","All data"
"Performance Appraisal",Manager,"Revised CTC","All data","All data"
"Performance Appraisal",Manager,ReviewerType,"All data","All data"
"Performance Appraisal",Manager,Comments,"All data","All data"
"Performance Appraisal",Manager,"Current Designation","All data","All data"
"Performance Appraisal",Manager,"Promoted Designation","All data","All data"
"Performance Appraisal",Manager,"User Document","All data","All data"
"Performance Appraisal",Manager,Department,"All data","All data"
"Performance Appraisal",Manager,"Appraisal Cycle","All data","All data"
"Performance Appraisal",Manager,Appraiser,"All data","All data"
"Performance Appraisal",Manager,"Is reviewed","All data","All data"
"Performance Appraisal",Manager,"Is finalized","All data","All data"
"Performance Appraisal",Manager,"Review Start Date","All data","All data"
"Performance Appraisal",Manager,"Review End Date","All data","All data"
"Performance Appraisal",Manager,"Appraisee List","All data","All data"
"Performance Appraisal",Manager,"Employee Salary","All data","All data"
"Performance Appraisal",Manager,"Feedback Type","All data","All data"
"Performance Appraisal",Manager,"Feedback Comments","All data","All data"
"Performance Appraisal",Manager,"Added By","All data","No data"
"Performance Appraisal",Manager,"Added time","All data","No data"
"Performance Appraisal",Manager,"Modified By","All data","No data"
"Performance Appraisal",Manager,"Modified time","All data","No data"
"Performance Appraisal",Manager,"Is Published","All data","All data"
"Performance Appraisal",Director,Appraisee,"All data","All data"
"Performance Appraisal",Director,Rating,"All data","All data"
"Performance Appraisal",Director,Hike,"All data","All data"
"Performance Appraisal",Director,"Current CTC","All data","All data"
"Performance Appraisal",Director,"Revised CTC","All data","All data"
"Performance Appraisal",Director,ReviewerType,"All data","All data"
"Performance Appraisal",Director,Comments,"All data","All data"
"Performance Appraisal",Director,"Current Designation","All data","All data"
"Performance Appraisal",Director,"Promoted Designation","All data","All data"
"Performance Appraisal",Director,"User Document","All data","All data"
"Performance Appraisal",Director,Department,"All data","All data"
"Performance Appraisal",Director,"Appraisal Cycle","All data","All data"
"Performance Appraisal",Director,Appraiser,"All data","All data"
"Performance Appraisal",Director,"Is reviewed","All data","All data"
"Performance Appraisal",Director,"Is finalized","All data","All data"
"Performance Appraisal",Director,"Review Start Date","All data","All data"
"Performance Appraisal",Director,"Review End Date","All data","All data"
"Performance Appraisal",Director,"Appraisee List","All data","All data"
"Performance Appraisal",Director,"Employee Salary","All data","All data"
"Performance Appraisal",Director,"Feedback Type","All data","All data"
"Performance Appraisal",Director,"Feedback Comments","All data","All data"
"Performance Appraisal",Director,"Added By","All data","No data"
"Performance Appraisal",Director,"Added time","All data","No data"
"Performance Appraisal",Director,"Modified By","All data","No data"
"Performance Appraisal",Director,"Modified time","All data","No data"
"Performance Appraisal",Director,"Is Published","All data","All data"
"Performance Appraisal","Team Incharge",Appraisee,"All data","All data"
"Performance Appraisal","Team Incharge",Rating,"All data","All data"
"Performance Appraisal","Team Incharge",Hike,"All data","All data"
"Performance Appraisal","Team Incharge","Current CTC","All data","All data"
"Performance Appraisal","Team Incharge","Revised CTC","All data","All data"
"Performance Appraisal","Team Incharge",ReviewerType,"All data","All data"
"Performance Appraisal","Team Incharge",Comments,"All data","All data"
"Performance Appraisal","Team Incharge","Current Designation","All data","All data"
"Performance Appraisal","Team Incharge","Promoted Designation","All data","All data"
"Performance Appraisal","Team Incharge","User Document","All data","All data"
"Performance Appraisal","Team Incharge",Department,"All data","All data"
"Performance Appraisal","Team Incharge","Appraisal Cycle","All data","All data"
"Performance Appraisal","Team Incharge",Appraiser,"All data","All data"
"Performance Appraisal","Team Incharge","Is reviewed","All data","All data"
"Performance Appraisal","Team Incharge","Is finalized","All data","All data"
"Performance Appraisal","Team Incharge","Review Start Date","All data","All data"
"Performance Appraisal","Team Incharge","Review End Date","All data","All data"
"Performance Appraisal","Team Incharge","Appraisee List","All data","All data"
"Performance Appraisal","Team Incharge","Employee Salary","All data","All data"
"Performance Appraisal","Team Incharge","Feedback Type","All data","All data"
"Performance Appraisal","Team Incharge","Feedback Comments","All data","All data"
"Performance Appraisal","Team Incharge","Added By","All data","No data"
"Performance Appraisal","Team Incharge","Added time","All data","No data"
"Performance Appraisal","Team Incharge","Modified By","All data","No data"
"Performance Appraisal","Team Incharge","Modified time","All data","No data"
"Performance Appraisal","Team Incharge","Is Published","All data","All data"
"Performance Appraisal","Data Admin","Is Published","All data","All data"
"Performance Appraisal",HR,Appraisee,"All data","All data"
"Performance Appraisal",HR,Rating,"All data","All data"
"Performance Appraisal",HR,Hike,"All data","All data"
"Performance Appraisal",HR,"Current CTC","All data","All data"
"Performance Appraisal",HR,"Revised CTC","All data","All data"
"Performance Appraisal",HR,ReviewerType,"All data","All data"
"Performance Appraisal",HR,Comments,"All data","All data"
"Performance Appraisal",HR,"Current Designation","All data","All data"
"Performance Appraisal",HR,"Promoted Designation","All data","All data"
"Performance Appraisal",HR,"User Document","All data","All data"
"Performance Appraisal",HR,Department,"All data","All data"
"Performance Appraisal",HR,"Appraisal Cycle","All data","All data"
"Performance Appraisal",HR,Appraiser,"All data","All data"
"Performance Appraisal",HR,"Is reviewed","All data","All data"
"Performance Appraisal",HR,"Is finalized","All data","All data"
"Performance Appraisal",HR,"Review Start Date","All data","All data"
"Performance Appraisal",HR,"Review End Date","All data","All data"
"Performance Appraisal",HR,"Appraisee List","All data","All data"
"Performance Appraisal",HR,"Employee Salary","All data","All data"
"Performance Appraisal",HR,"Feedback Type","All data","All data"
"Performance Appraisal",HR,"Feedback Comments","All data","All data"
"Performance Appraisal",HR,"Added By","All data","No data"
"Performance Appraisal",HR,"Added time","All data","No data"
"Performance Appraisal",HR,"Modified By","All data","No data"
"Performance Appraisal",HR,"Modified time","All data","No data"
"Performance Appraisal",HR,"Is Published","All data","All data"
"Performance Appraisal","External Consultant",Appraisee,"All data","All data"
"Performance Appraisal","External Consultant",Rating,"All data","All data"
"Performance Appraisal","External Consultant",Hike,"All data","All data"
"Performance Appraisal","External Consultant","Current CTC","All data","All data"
"Performance Appraisal","External Consultant","Revised CTC","All data","All data"
"Performance Appraisal","External Consultant",ReviewerType,"All data","All data"
"Performance Appraisal","External Consultant",Comments,"All data","All data"
"Performance Appraisal","External Consultant","Current Designation","All data","All data"
"Performance Appraisal","External Consultant","Promoted Designation","All data","All data"
"Performance Appraisal","External Consultant","User Document","All data","All data"
"Performance Appraisal","External Consultant",Department,"All data","All data"
"Performance Appraisal","External Consultant","Appraisal Cycle","All data","All data"
"Performance Appraisal","External Consultant",Appraiser,"All data","All data"
"Performance Appraisal","External Consultant","Is reviewed","All data","All data"
"Performance Appraisal","External Consultant","Is finalized","All data","All data"
"Performance Appraisal","External Consultant","Review Start Date","All data","All data"
"Performance Appraisal","External Consultant","Review End Date","All data","All data"
"Performance Appraisal","External Consultant","Appraisee List","All data","All data"
"Performance Appraisal","External Consultant","Employee Salary","All data","All data"
"Performance Appraisal","External Consultant","Feedback Type","All data","All data"
"Performance Appraisal","External Consultant","Feedback Comments","All data","All data"
"Performance Appraisal","External Consultant","Added By","All data","No data"
"Performance Appraisal","External Consultant","Added time","All data","No data"
"Performance Appraisal","External Consultant","Modified By","All data","No data"
"Performance Appraisal","External Consultant","Modified time","All data","No data"
"Performance Appraisal","External Consultant","Is Published","All data","All data"
Goals,"Team member","Goal Name","All data","All data"
Goals,"Team member","Due Date","All data","All data"
Goals,"Team member",Priority,"All data","All data"
Goals,"Team member",Description,"All data","All data"
Goals,"Team member",Progress,"All data","All data"
Goals,"Team member","Assigned by","All data","All data"
Goals,"Team member","Assigned to","All data","All data"
Goals,"Team member","Start Date","All data","All data"
Goals,"Team member",Job,"All data","All data"
Goals,"Team member",Kra,"All data","All data"
Goals,"Team member",Weightage,"All data","All data"
Goals,"Team member","Added By","All data","No data"
Goals,"Team member","Added time","All data","No data"
Goals,"Team member","Modified By","All data","No data"
Goals,"Team member","Modified time","All data","No data"
Goals,"Team member","Is Archived","All data","All data"
Goals,Manager,"Goal Name","All data","All data"
Goals,Manager,"Due Date","All data","All data"
Goals,Manager,Priority,"All data","All data"
Goals,Manager,Description,"All data","All data"
Goals,Manager,Progress,"All data","All data"
Goals,Manager,"Assigned by","All data","All data"
Goals,Manager,"Assigned to","All data","All data"
Goals,Manager,"Start Date","All data","All data"
Goals,Manager,Job,"All data","All data"
Goals,Manager,Kra,"All data","All data"
Goals,Manager,Weightage,"All data","All data"
Goals,Manager,"Added By","All data","No data"
Goals,Manager,"Added time","All data","No data"
Goals,Manager,"Modified By","All data","No data"
Goals,Manager,"Modified time","All data","No data"
Goals,Manager,"Is Archived","All data","All data"
Goals,Director,"Goal Name","All data","All data"
Goals,Director,"Due Date","All data","All data"
Goals,Director,Priority,"All data","All data"
Goals,Director,Description,"All data","All data"
Goals,Director,Progress,"All data","All data"
Goals,Director,"Assigned by","All data","All data"
Goals,Director,"Assigned to","All data","All data"
Goals,Director,"Start Date","All data","All data"
Goals,Director,Job,"All data","All data"
Goals,Director,Kra,"All data","All data"
Goals,Director,Weightage,"All data","All data"
Goals,Director,"Added By","All data","No data"
Goals,Director,"Added time","All data","No data"
Goals,Director,"Modified By","All data","No data"
Goals,Director,"Modified time","All data","No data"
Goals,Director,"Is Archived","All data","All data"
Goals,"Team Incharge","Goal Name","All data","All data"
Goals,"Team Incharge","Due Date","All data","All data"
Goals,"Team Incharge",Priority,"All data","All data"
Goals,"Team Incharge",Description,"All data","All data"
Goals,"Team Incharge",Progress,"All data","All data"
Goals,"Team Incharge","Assigned by","All data","All data"
Goals,"Team Incharge","Assigned to","All data","All data"
Goals,"Team Incharge","Start Date","All data","All data"
Goals,"Team Incharge",Job,"All data","All data"
Goals,"Team Incharge",Kra,"All data","All data"
Goals,"Team Incharge",Weightage,"All data","All data"
Goals,"Team Incharge","Added By","All data","No data"
Goals,"Team Incharge","Added time","All data","No data"
Goals,"Team Incharge","Modified By","All data","No data"
Goals,"Team Incharge","Modified time","All data","No data"
Goals,"Team Incharge","Is Archived","All data","All data"
Goals,HR,"Goal Name","All data","All data"
Goals,HR,"Due Date","All data","All data"
Goals,HR,Priority,"All data","All data"
Goals,HR,Description,"All data","All data"
Goals,HR,Progress,"All data","All data"
Goals,HR,"Assigned by","All data","All data"
Goals,HR,"Assigned to","All data","All data"
Goals,HR,"Start Date","All data","All data"
Goals,HR,Job,"All data","All data"
Goals,HR,Kra,"All data","All data"
Goals,HR,Weightage,"All data","All data"
Goals,HR,"Added By","All data","No data"
Goals,HR,"Added time","All data","No data"
Goals,HR,"Modified By","All data","No data"
Goals,HR,"Modified time","All data","No data"
Goals,HR,"Is Archived","All data","All data"
Goals,"External Consultant","Goal Name","All data","All data"
Goals,"External Consultant","Due Date","All data","All data"
Goals,"External Consultant",Priority,"All data","All data"
Goals,"External Consultant",Description,"All data","All data"
Goals,"External Consultant",Progress,"All data","All data"
Goals,"External Consultant","Assigned by","All data","All data"
Goals,"External Consultant","Assigned to","All data","No data"
Goals,"External Consultant","Start Date","All data","All data"
Goals,"External Consultant",Job,"All data","All data"
Goals,"External Consultant",Kra,"All data","All data"
Goals,"External Consultant",Weightage,"All data","All data"
Goals,"External Consultant","Added By","All data","No data"
Goals,"External Consultant","Added time","All data","No data"
Goals,"External Consultant","Modified By","All data","No data"
Goals,"External Consultant","Modified time","All data","No data"
Goals,"External Consultant","Is Archived","All data","All data"
Task,"Team member","Task Owner","My data","My data"
Task,"Team member","Task Name","All data","All data"
Task,"Team member",Description,"All data","All data"
Task,"Team member","Start Date","All data","All data"
Task,"Team member","Due Date","All data","All data"
Task,"Team member",Reminder,"All data","All data"
Task,"Team member","Completed On","All data","All data"
Task,"Team member","Completed By","All data","All data"
Task,"Team member","Assigned To","All data","All data"
Task,"Team member",Priority,"All data","All data"
Task,"Team member",Status,"All data","All data"
Task,Manager,"Task Owner","Reportees + My Data","Reportees + My Data"
Task,Manager,"Task Name","All data","All data"
Task,Manager,Description,"All data","All data"
Task,Manager,"Start Date","All data","All data"
Task,Manager,"Due Date","All data","All data"
Task,Manager,Reminder,"All data","All data"
Task,Manager,"Completed On","All data","All data"
Task,Manager,"Completed By","All data","All data"
Task,Manager,"Assigned To","All data","All data"
Task,Manager,Priority,"All data","All data"
Task,Manager,Status,"All data","All data"
Task,Director,"Task Owner","Reportees + My Data","Reportees + My Data"
Task,Director,"Task Name","All data","All data"
Task,Director,Description,"All data","All data"
Task,Director,"Start Date","All data","All data"
Task,Director,"Due Date","All data","All data"
Task,Director,Reminder,"All data","All data"
Task,Director,"Completed On","All data","All data"
Task,Director,"Completed By","All data","All data"
Task,Director,"Assigned To","All data","All data"
Task,Director,Priority,"All data","All data"
Task,Director,Status,"All data","All data"
Task,"Team Incharge","Task Owner","Reportees + My Data","Reportees + My Data"
Task,"Team Incharge","Task Name","All data","All data"
Task,"Team Incharge",Description,"All data","All data"
Task,"Team Incharge","Start Date","All data","All data"
Task,"Team Incharge","Due Date","All data","All data"
Task,"Team Incharge",Reminder,"All data","All data"
Task,"Team Incharge","Completed On","All data","All data"
Task,"Team Incharge","Completed By","All data","All data"
Task,"Team Incharge","Assigned To","All data","All data"
Task,"Team Incharge",Priority,"All data","All data"
Task,"Team Incharge",Status,"All data","All data"
Task,HR,"Task Owner","Reportees + My Data","Reportees + My Data"
Task,HR,"Task Name","All data","All data"
Task,HR,Description,"All data","All data"
Task,HR,"Start Date","All data","All data"
Task,HR,"Due Date","All data","All data"
Task,HR,Reminder,"All data","All data"
Task,HR,"Completed On","All data","All data"
Task,HR,"Completed By","All data","All data"
Task,HR,"Assigned To","All data","All data"
Task,HR,Priority,"All data","All data"
Task,HR,Status,"All data","All data"
Task,"External Consultant","Task Owner","Reportees + My Data","Reportees + My Data"
Task,"External Consultant","Task Name","All data","All data"
Task,"External Consultant",Description,"All data","All data"
Task,"External Consultant","Start Date","All data","All data"
Task,"External Consultant","Due Date","All data","All data"
Task,"External Consultant",Reminder,"All data","All data"
Task,"External Consultant","Completed On","All data","All data"
Task,"External Consultant","Completed By","All data","All data"
Task,"External Consultant","Assigned To","All data","All data"
Task,"External Consultant",Priority,"All data","All data"
Task,"External Consultant",Status,"All data","All data"
"Multi-rater Review","Team member",Employee,"All data","My data"
"Multi-rater Review","Team member",Rater,"All data","My data"
"Multi-rater Review","Team member",Type,"All data","My data"
"Multi-rater Review","Team member","Start Date","All data","My data"
"Multi-rater Review","Team member","End Date","All data","My data"
"Multi-rater Review","Team member",Comments,"All data","My data"
"Multi-rater Review","Team member",Appraiser,"All data","My data"
"Multi-rater Review","Team member","Appraisal Cycle","All data","My data"
"Multi-rater Review","Team member",Status,"All data","My data"
"Multi-rater Review","Team member","Added By","All data","No data"
"Multi-rater Review","Team member","Added time","All data","No data"
"Multi-rater Review","Team member","Modified By","All data","No data"
"Multi-rater Review","Team member","Modified time","All data","No data"
"Multi-rater Review",Manager,Employee,"All data","My data"
"Multi-rater Review",Manager,Rater,"All data","My data"
"Multi-rater Review",Manager,Type,"All data","My data"
"Multi-rater Review",Manager,"Start Date","All data","My data"
"Multi-rater Review",Manager,"End Date","All data","My data"
"Multi-rater Review",Manager,Comments,"All data","My data"
"Multi-rater Review",Manager,Appraiser,"All data","My data"
"Multi-rater Review",Manager,"Appraisal Cycle","All data","My data"
"Multi-rater Review",Manager,Status,"All data","My data"
"Multi-rater Review",Manager,"Added By","All data","No data"
"Multi-rater Review",Manager,"Added time","All data","No data"
"Multi-rater Review",Manager,"Modified By","All data","No data"
"Multi-rater Review",Manager,"Modified time","All data","No data"
"Multi-rater Review",Director,Employee,"All data","My data"
"Multi-rater Review",Director,Rater,"All data","My data"
"Multi-rater Review",Director,Type,"All data","My data"
"Multi-rater Review",Director,"Start Date","All data","My data"
"Multi-rater Review",Director,"End Date","All data","My data"
"Multi-rater Review",Director,Comments,"All data","My data"
"Multi-rater Review",Director,Appraiser,"All data","My data"
"Multi-rater Review",Director,"Appraisal Cycle","All data","My data"
"Multi-rater Review",Director,Status,"All data","My data"
"Multi-rater Review",Director,"Added By","All data","No data"
"Multi-rater Review",Director,"Added time","All data","No data"
"Multi-rater Review",Director,"Modified By","All data","No data"
"Multi-rater Review",Director,"Modified time","All data","No data"
"Multi-rater Review","Team Incharge",Employee,"All data","My data"
"Multi-rater Review","Team Incharge",Rater,"All data","My data"
"Multi-rater Review","Team Incharge",Type,"All data","My data"
"Multi-rater Review","Team Incharge","Start Date","All data","My data"
"Multi-rater Review","Team Incharge","End Date","All data","My data"
"Multi-rater Review","Team Incharge",Comments,"All data","My data"
"Multi-rater Review","Team Incharge",Appraiser,"All data","My data"
"Multi-rater Review","Team Incharge","Appraisal Cycle","All data","My data"
"Multi-rater Review","Team Incharge",Status,"All data","My data"
"Multi-rater Review","Team Incharge","Added By","All data","No data"
"Multi-rater Review","Team Incharge","Added time","All data","No data"
"Multi-rater Review","Team Incharge","Modified By","All data","No data"
"Multi-rater Review","Team Incharge","Modified time","All data","No data"
"Multi-rater Review",HR,Employee,"All data","My data"
"Multi-rater Review",HR,Rater,"All data","My data"
"Multi-rater Review",HR,Type,"All data","My data"
"Multi-rater Review",HR,"Start Date","All data","My data"
"Multi-rater Review",HR,"End Date","All data","My data"
"Multi-rater Review",HR,Comments,"All data","My data"
"Multi-rater Review",HR,Appraiser,"All data","My data"
"Multi-rater Review",HR,"Appraisal Cycle","All data","My data"
"Multi-rater Review",HR,Status,"All data","My data"
"Multi-rater Review",HR,"Added By","All data","No data"
"Multi-rater Review",HR,"Added time","All data","No data"
"Multi-rater Review",HR,"Modified By","All data","No data"
"Multi-rater Review",HR,"Modified time","All data","No data"
"Multi-rater Review","External Consultant",Employee,"All data","My data"
"Multi-rater Review","External Consultant",Rater,"All data","My data"
"Multi-rater Review","External Consultant",Type,"All data","My data"
"Multi-rater Review","External Consultant","Start Date","All data","My data"
"Multi-rater Review","External Consultant","End Date","All data","My data"
"Multi-rater Review","External Consultant",Comments,"All data","My data"
"Multi-rater Review","External Consultant",Appraiser,"All data","My data"
"Multi-rater Review","External Consultant","Appraisal Cycle","All data","My data"
"Multi-rater Review","External Consultant",Status,"All data","My data"
"Multi-rater Review","External Consultant","Added By","All data","No data"
"Multi-rater Review","External Consultant","Added time","All data","No data"
"Multi-rater Review","External Consultant","Modified By","All data","No data"
"Multi-rater Review","External Consultant","Modified time","All data","No data"
